ID,P,apparent_mag,apparent_mag_unc,obs_type
HV5497,99.2,9.2058,0.08083375779957283,GRND
HV2827,78.86,9.575220000000002,0.08083375779957283,GRND
HV953,47.89,10.08628,0.08083375779957283,GRND
OGL-1290,48.38,10.183119999999999,0.08083375779957283,GRND
OGL-0966,47.44,10.39312,0.08083375779957283,GRND
OGL-0945,36.58,10.528559999999999,0.0907419219545189,GRND
HV2338,42.24,10.43154,0.0907419219545189,GRND
OGL-1113,37.56,10.665579999999999,0.08083375779957283,GRND
OGL-0512,39.4,10.57382,0.0907419219545189,GRND
OGL-0328,34.46,10.7647,0.08083375779957283,GRND
HV1002,30.47,10.88874,0.08083375779957283,GRND
OGL-0434,30.34,10.97716,0.08083375779957283,GRND
OGL-0528,35.71,10.80242,0.0907419219545189,GRND
OGL-0461,45.21,10.54206,0.08083375779957283,GRND
HV6098,24.24,11.15892,0.08083375779957283,GRND
OGL-1637,31.95,10.917679999999999,0.10066824921493371,GRND
OGL-0510,36.83,10.81294,0.12055744025152491,GRND
OGL-0999,26.34,11.13242,0.0907419219545189,GRND
OGL-2504,24.34,11.15172,0.08083375779957283,GRND
OGL-0986,31.05,11.00312,0.12055744025152491,GRND
OGL-0590,31.79,11.04242,0.11060784963102754,GRND
OGL-1058,30.4,11.068560000000002,0.0907419219545189,GRND
OGL-0654,27.9,10.91294,0.0907419219545189,GRND
HV12815,26.06,11.07312,0.10066824921493371,GRND
OGL-0821,25.8,11.128200000000001,0.0907419219545189,GRND
HV886,23.97,11.21944,0.0907419219545189,GRND
OGL-0068,28.38,11.145219999999998,0.08083375779957283,GRND
OGL-1677,23.58,11.28838,0.08083375779957283,GRND
OGL-2019,28.1,11.27698,0.0907419219545189,GRND
OGL-0467,22.72,11.39926,0.0907419219545189,GRND
OGL-0367,29.87,11.10048,0.08083375779957283,GRND
OGL-3158,26.56,11.22452,0.08083375779957283,GRND
OGL-2176,23.05,11.44136,0.08083375779957283,GRND
OGL-0801,21.26,11.560139999999999,0.10066824921493371,GRND
OGL-0501,23.31,11.49664,0.08083375779957283,GRND
OGL-2832,24.13,11.2654,0.08083375779957283,GRND
OGL-2023,16.22,11.728560000000002,0.08083375779957283,GRND
OGL-0935,21.12,11.51084,0.08083375779957283,GRND
OGL-1080,18.66,11.58996,0.08083375779957283,GRND
OGL-0819,22.32,11.5268,0.0907419219545189,GRND
OGL-1587,21.61,11.44996,0.10066824921493371,GRND
OGL-0844,17.21,11.725579999999999,0.10066824921493371,GRND
OGL-2949,19.22,11.56066,0.08083375779957283,GRND
OGL-0249,20.08,11.64242,0.0907419219545189,GRND
OGL-1833,19.16,11.721540000000001,0.08083375779957283,GRND
OGL-0079,22.54,11.536100000000001,0.0907419219545189,GRND
HV2580,16.92,11.774000000000001,0.08083375779957283,GRND
OGL-0787,17.52,11.86084,0.10066824921493371,GRND
OGL-2056,15.84,11.88786,0.08083375779957283,GRND
OGL-2534,18.72,11.80242,0.0907419219545189,GRND
HV2579,13.43,12.034880000000001,0.08083375779957283,GRND
HV955,13.73,12.0526,0.08083375779957283,GRND
OGL-0970,17.46,11.8454,0.10066824921493371,GRND
OGL-0727,14.49,12.00786,0.10066824921493371,GRND
OGL-1641,13.96,12.03786,0.08083375779957283,GRND
OGL-0545,15.83,11.8754,0.08083375779957283,GRND
OGL-1031,18.47,11.81908,0.08083375779957283,GRND
OGL-3203,13.4,12.14716,0.08083375779957283,GRND
OGL-2780,23.11,11.491879999999998,0.08083375779957283,GRND
OGL-1100,13.63,12.1333,0.08083375779957283,GRND
OGL-1578,13.28,12.204880000000001,0.0907419219545189,GRND
OGL-0848,15.99,12.0633,0.0907419219545189,GRND
OGL-1088,13.88,12.03242,0.0907419219545189,GRND
OGL-1180,15.13,11.89172,0.0907419219545189,GRND
OGL-0683,14.68,12.048559999999998,0.08083375779957283,GRND
OGL-1166,13.91,12.130139999999999,0.08083375779957283,GRND
OGL-2030,13.87,12.0761,0.08083375779957283,GRND
OGL-1001,14.47,12.06628,0.08083375779957283,GRND
OGL-2636,14.22,12.034699999999999,0.08083375779957283,GRND
OGL-0500,13.98,12.140320000000001,0.08083375779957283,GRND
OGL-3013,13.66,12.13786,0.0907419219545189,GRND
OGL-1538,10.92,12.37962,0.08083375779957283,GRND
OGL-2189,10.99,12.41804,0.08083375779957283,GRND
OGL-1539,13.51,12.046980000000001,0.08083375779957283,GRND
HV2836,17.53,11.875219999999999,0.08083375779957283,GRND
OGL-0741,10.79,12.35032,0.0907419219545189,GRND
OGL-1184,14.21,12.183819999999999,0.08083375779957283,GRND
OGL-0949,12.92,12.3026,0.08083375779957283,GRND
OGL-1109,11.86,12.36102,0.12055744025152491,GRND
OGL-2937,16.16,11.9389,0.0907419219545189,GRND
OGL-0800,12.64,12.29102,0.11060784963102754,GRND
OGL-2337,13.14,12.21926,0.08083375779957283,GRND
OGL-2102,12.26,12.312420000000001,0.08083375779957283,GRND
OGL-0174,15.86,12.03364,0.08083375779957283,GRND
OGL-0975,12.62,12.30628,0.0907419219545189,GRND
OGL-1954,12.95,12.33312,0.08083375779957283,GRND
OGL-0969,12.72,12.31084,0.0907419219545189,GRND
OGL-0708,10.41,12.512599999999999,0.08083375779957283,GRND
OGL-0648,13.63,12.2554,0.10066824921493371,GRND
OGL-0812,12.2,12.29628,0.08083375779957283,GRND
OGL-1120,11.9,12.388559999999998,0.0907419219545189,GRND
OGL-2979,17.8,11.9482,0.0907419219545189,GRND
OGL-1252,9.993,12.48716,0.08083375779957283,GRND
HV971,9.297,12.57804,0.08083375779957283,GRND
OGL-1616,15.55,12.061359999999999,0.0907419219545189,GRND
OGL-0070,13.75,12.27224,0.08083375779957283,GRND
OGL-0770,10.85,12.50558,0.10066824921493371,GRND
OGL-1862,13.12,12.301540000000001,0.0907419219545189,GRND
OGL-1391,11.09,12.47242,0.08083375779957283,GRND
OGL-0504,14.39,12.24066,0.10066824921493371,GRND
OGL-1237,10.35,12.52102,0.08083375779957283,GRND
OGL-0978,10.52,12.45382,0.08083375779957283,GRND
HV12816,9.108,12.814359999999999,0.08083375779957283,GRND
OGL-1214,8.772,12.71418,0.08083375779957283,GRND
OGL-2133,11.26,12.52628,0.08083375779957283,GRND
OGL-0831,9.713,12.60716,0.0907419219545189,GRND
OGL-1431,10.26,12.56172,0.0907419219545189,GRND
OGL-2562,10.07,12.54628,0.08083375779957283,GRND
OGL-1490,8.17,12.80962,0.08083375779957283,GRND
HV2854,8.635,12.682599999999999,0.08083375779957283,GRND
OGL-0963,8.713,12.71488,0.08083375779957283,GRND
OGL-1078,8.559,12.67874,0.08083375779957283,GRND
OGL-0798,10.71,12.52628,0.08083375779957283,GRND
OGL-0716,12.19,12.4954,0.08083375779957283,GRND
OGL-1140,8.186,12.82506,0.08083375779957283,GRND
OGL-2544,9.611,12.671019999999999,0.08083375779957283,GRND
OGL-1233,8.21,12.799619999999999,0.08083375779957283,GRND
OGL-1112,7.926,12.852599999999999,0.12055744025152491,GRND
OGL-1115,9.672,12.58172,0.08083375779957283,GRND
OGL-1647,8.693,12.800320000000001,0.0907419219545189,GRND
OGL-0107,8.739,12.72102,0.08083375779957283,GRND
OGL-0046,8.844,12.7526,0.08083375779957283,GRND
OGL-1417,8.673,12.7433,0.0907419219545189,GRND
HV2733,8.722,12.78962,0.08083375779957283,GRND
OGL-1884,7.771,12.84506,0.08083375779957283,GRND
OGL-0888,9.369,12.6733,0.08083375779957283,GRND
OGL-0846,9.051,12.69628,0.08083375779957283,GRND
OGL-1608,11.25,12.593119999999999,0.08083375779957283,GRND
OGL-1260,9.305,12.66014,0.0907419219545189,GRND
OGL-1462,9.201,12.761019999999998,0.08083375779957283,GRND
OGL-1994,7.754,12.9205,0.08083375779957283,GRND
OGL-2204,7.55,12.91032,0.08083375779957283,GRND
OGL-2286,9.216,12.75032,0.08083375779957283,GRND
OGL-1910,9.569,12.67242,0.08083375779957283,GRND
OGL-2884,9.733,12.61768,0.0907419219545189,GRND
OGL-2795,10.04,12.714699999999999,0.10066824921493371,GRND
OGL-0776,6.894,13.0112,0.08083375779957283,GRND
OGL-2473,9.708,12.5954,0.0907419219545189,GRND
OGL-1262,9.134,12.6947,0.08083375779957283,GRND
OGL-2762,11.53,12.485220000000002,0.0907419219545189,GRND
OGL-0499,8.831,12.89488,0.10066824921493371,GRND
HV12700,8.153,12.868039999999999,0.08083375779957283,GRND
OGL-0884,7.707,12.88734,0.08083375779957283,GRND
OGL-2012,7.458,12.96102,0.08083375779957283,GRND
OGL-0936,8.334,12.8233,0.08083375779957283,GRND
OGL-1353,7.882,12.87944,0.08083375779957283,GRND
OGL-1249,6.878,12.97646,0.08083375779957283,GRND
OGL-1942,7.182,12.89962,0.08083375779957283,GRND
OGL-0825,7.845,12.90944,0.08083375779957283,GRND
OGL-1389,7.29,12.958039999999999,0.08083375779957283,GRND
OGL-2775,7.963,12.86014,0.0907419219545189,GRND
OGL-1364,7.978,12.859440000000001,0.0907419219545189,GRND
OGL-1463,7.528,12.9133,0.08083375779957283,GRND
OGL-2008,7.519,13.03418,0.08083375779957283,GRND
OGL-0915,7.396,12.86716,0.08083375779957283,GRND
OGL-2812,8.276,12.83488,0.0907419219545189,GRND
OGL-3201,6.298,13.033479999999999,0.08083375779957283,GRND
OGL-2262,7.809,12.95716,0.08083375779957283,GRND
OGL-0757,8.402,12.96312,0.08083375779957283,GRND
OGL-1667,6.39,13.16962,0.0907419219545189,GRND
OGL-2744,7.521,12.900139999999999,0.0907419219545189,GRND
OGL-1678,6.416,13.11962,0.0907419219545189,GRND
OGL-2099,6.894,13.067340000000002,0.08083375779957283,GRND
OGL-2094,7.57,12.991719999999999,0.08083375779957283,GRND
OGL-1748,6.632,13.053479999999999,0.0907419219545189,GRND
OGL-0871,9.108,12.8647,0.08083375779957283,GRND
OGL-2401,5.064,13.48086,0.08083375779957283,GRND
OGL-1782,7.393,13.05488,0.0907419219545189,GRND
OGL-1526,6.735,13.104880000000001,0.08083375779957283,GRND
OGL-1128,6.863,13.16418,0.08083375779957283,GRND
OGL-1442,7.68,12.89242,0.0907419219545189,GRND
OGL-2492,6.936,13.02874,0.08083375779957283,GRND
OGL-2127,7.413,13.04558,0.08083375779957283,GRND
OGL-1313,6.833,13.17418,0.08083375779957283,GRND
OGL-1094,7.01,13.011019999999998,0.0907419219545189,GRND
OGL-2198,7.092,13.024000000000001,0.0907419219545189,GRND
OGL-1411,7.906,13.00172,0.08083375779957283,GRND
OGL-2043,7.373,13.13558,0.10066824921493371,GRND
OGL-2018,7.171,13.077860000000001,0.08083375779957283,GRND
OGL-1327,6.924,13.19874,0.08083375779957283,GRND
OGL-2249,5.976,13.196459999999998,0.10066824921493371,GRND
OGL-2170,6.292,13.32032,0.08083375779957283,GRND
OGL-0594,6.733,13.12716,0.0907419219545189,GRND
OGL-1807,7.309,13.09014,0.08083375779957283,GRND
OGL-2225,7.024,13.20102,0.0907419219545189,GRND
OGL-0931,5.814,13.2812,0.08083375779957283,GRND
OGL-1956,8.802,12.917860000000001,0.0907419219545189,GRND
OGL-1831,5.731,13.2612,0.08083375779957283,GRND
OGL-2194,5.487,13.213479999999999,0.08083375779957283,GRND
OGL-1404,6.452,13.20102,0.0907419219545189,GRND
OGL-1636,6.482,13.26418,0.08083375779957283,GRND
OGL-3258,6.838,13.2026,0.08083375779957283,GRND
OGL-1572,5.507,13.36664,0.0907419219545189,GRND
OGL-0833,7.491,13.10786,0.08083375779957283,GRND
OGL-1903,6.697,13.21646,0.10066824921493371,GRND
OGL-1870,6.021,13.196459999999998,0.0907419219545189,GRND
OGL-2145,6.227,13.18014,0.08083375779957283,GRND
OGL-2676,5.95,13.16944,0.08083375779957283,GRND
OGL-1200,6.677,13.204,0.0907419219545189,GRND
OGL-1374,6.89,13.20944,0.0907419219545189,GRND
OGL-0843,8.362,12.95838,0.08083375779957283,GRND
OGL-0556,6.578,13.17628,0.08083375779957283,GRND
OGL-1920,6.62,13.1733,0.0907419219545189,GRND
OGL-1964,6.311,13.23172,0.08083375779957283,GRND
OGL-1354,5.429,13.4412,0.10066824921493371,GRND
OGL-1499,5.576,13.3619,0.08083375779957283,GRND
OGL-1802,6.013,13.269440000000001,0.0907419219545189,GRND
OGL-1941,6.807,13.15926,0.0907419219545189,GRND
OGL-2765,9.355,12.761880000000001,0.0907419219545189,GRND
OGL-1426,5.685,13.331019999999999,0.0907419219545189,GRND
OGL-1739,5.639,13.48576,0.0907419219545189,GRND
OGL-1888,5.407,13.336459999999999,0.0907419219545189,GRND
OGL-2866,6.613,13.294,0.0907419219545189,GRND
OGL-1599,5.669,13.35102,0.10066824921493371,GRND
OGL-2205,5.993,13.32488,0.08083375779957283,GRND
OGL-1939,6.055,13.31716,0.0907419219545189,GRND
OGL-1141,5.792,13.39646,0.0907419219545189,GRND
OGL-2308,5.737,13.39874,0.0907419219545189,GRND
OGL-1580,5.572,13.41418,0.0907419219545189,GRND
OGL-1986,5.046,13.53594,0.0907419219545189,GRND
OGL-1590,5.103,13.44032,0.10066824921493371,GRND
OGL-1887,5.674,13.417159999999999,0.0907419219545189,GRND
OGL-0482,7.466,13.07452,0.0907419219545189,GRND
OGL-2007,5.993,13.4233,0.0907419219545189,GRND
OGL-1785,5.505,13.4726,0.08083375779957283,GRND
OGL-1799,5.003,13.60734,0.08083375779957283,GRND
OGL-2805,6.588,13.23786,0.0907419219545189,GRND
OGL-1466,6.154,13.34172,0.0907419219545189,GRND
OGL-2100,5.848,13.401019999999999,0.08083375779957283,GRND
OGL-1926,5.976,13.31628,0.0907419219545189,GRND
OGL-0576,5.072,13.52734,0.08083375779957283,GRND
OGL-1581,5.101,13.533479999999999,0.10066824921493371,GRND
OGL-1579,5.583,13.44348,0.10066824921493371,GRND
OGL-2615,5.579,13.39944,0.0907419219545189,GRND
OGL-1341,5.396,13.37874,0.0907419219545189,GRND
OGL-1756,5.739,13.3447,0.0907419219545189,GRND
OGL-2106,5.294,13.339440000000002,0.10066824921493371,GRND
OGL-2694,6.134,13.3347,0.08083375779957283,GRND
OGL-2813,7.193,13.0375,0.0907419219545189,GRND
OGL-1842,5.492,13.454880000000001,0.0907419219545189,GRND
OGL-0647,5.027,13.54646,0.0907419219545189,GRND
OGL-2598,5.346,13.57488,0.10066824921493371,GRND
OGL-1808,5.063,13.52102,0.0907419219545189,GRND
OGL-1424,6.776,13.34172,0.0907419219545189,GRND
OGL-0633,5.33,13.5333,0.0907419219545189,GRND
OGL-2648,5.053,13.55716,0.0907419219545189,GRND
OGL-1012,5.191,13.591019999999999,0.0907419219545189,GRND
OGL-1308,5.149,13.524000000000001,0.0907419219545189,GRND
OGL-2864,6.27,13.28224,0.08083375779957283,GRND
OGL-2910,5.109,13.551900000000002,0.10066824921493371,GRND
OGL-1793,5.626,13.37856,0.0907419219545189,GRND
OGL-1945,7.685,13.08504,0.08083375779957283,GRND
OGL-2682,5.785,13.44768,0.0907419219545189,GRND
OGL-3018,5.763,13.41382,0.08083375779957283,GRND
OGL-2876,5.409,13.55628,0.10066824921493371,GRND
OGL-1914,5.007,13.654,0.0907419219545189,GRND
OGL-2419,5.346,13.556980000000001,0.10066824921493371,GRND
OGL-2683,5.355,13.55312,0.10066824921493371,GRND
OGL-1940,9.379,12.78854,0.08083375779957283,GRND
OGL-3118,5.08,13.5454,0.08083375779957283,GRND
OGL-1682,5.48,13.35838,0.11060784963102754,GRND
OGL-2757,5.745,13.476799999999999,0.0907419219545189,GRND
OGL-1288,5.192,13.6847,0.0907419219545189,GRND
OGL-3202,5.14,13.505220000000001,0.0907419219545189,GRND
OGL-2405,6.532,13.38908,0.08083375779957283,GRND
OGL-1185,5.392,13.53838,0.0907419219545189,GRND
OGL-2714,5.132,13.4875,0.08083375779957283,GRND
OGL-2725,5.62,13.437320000000001,0.10066824921493371,GRND
OGL-2841,5.557,13.443620000000001,0.10066824921493371,GRND
OGL-2376,5.262,13.6424,0.0907419219545189,GRND
OGL-0434,30.34,10.96488,0.08083375779957283,HST
OGL-0501,23.28,11.411019999999999,0.08083375779957283,HST
OGL-0510,36.81,10.78224,0.09131480493326369,HST
OGL-0512,39.36,10.59382,0.08083375779957283,HST
OGL-0528,35.73,10.82628,0.08328496623040679,HST
OGL-0545,15.81,11.90084,0.08229513958916408,HST
OGL-0590,31.77,10.89926,0.08083375779957283,HST
OGL-0594,6.73,13.171019999999999,0.08037162683434995,HST
OGL-0648,13.61,12.31084,0.08009306836424736,HST
OGL-0683,14.66,12.0554,0.08009306836424736,HST
OGL-0712,20.7,11.54874,0.08083375779957283,HST
OGL-0716,12.16,12.54084,0.08037162683434995,HST
OGL-0727,14.49,12.00172,0.08009306836424736,HST
OGL-0757,8.395,13.007159999999999,0.08037162683434995,HST
OGL-0770,10.84,12.56716,0.08037162683434995,HST
OGL-0787,17.5,11.88084,0.08009306836424736,HST
OGL-0798,10.69,12.55242,0.08009306836424736,HST
OGL-0800,12.62,12.359440000000001,0.09033049540437603,HST
OGL-0812,12.19,12.37172,0.08009306836424736,HST
OGL-0819,22.28,11.5561,0.08037162683434995,HST
OGL-0821,25.76,11.31084,0.08009306836424736,HST
OGL-0831,9.705,12.63102,0.08037162683434995,HST
OGL-0844,17.18,11.78944,0.08037162683434995,HST
OGL-0848,15.96,12.104880000000001,0.08037162683434995,HST
OGL-0888,9.354,12.80102,0.08009306836424736,HST
OGL-0915,7.379,13.02874,0.08037162683434995,HST
OGL-0936,8.318,12.917159999999999,0.08037162683434995,HST
OGL-0949,12.91,12.315579999999999,0.08037162683434995,HST
OGL-0966,47.42,10.48312,0.08083375779957283,HST
OGL-0969,12.71,12.348559999999999,0.08037162683434995,HST
OGL-0970,17.46,11.847679999999999,0.08037162683434995,HST
OGL-0975,12.62,12.380139999999999,0.08037162683434995,HST
OGL-0978,10.52,12.528559999999999,0.08009306836424736,HST
OGL-0986,31.05,11.056980000000001,0.09033049540437603,HST
OGL-0992,52.84,10.07014,0.10029754932200488,HST
OGL-1001,14.45,12.11628,0.08009306836424736,HST
OGL-1031,18.45,11.871540000000001,0.08009306836424736,HST
OGL-1058,30.34,11.06154,0.08037162683434995,HST
OGL-1080,18.62,11.70698,0.08037162683434995,HST
OGL-1109,11.86,12.411019999999999,0.09008273752501086,HST
OGL-1112,7.925,12.84734,0.09008273752501086,HST
OGL-1313,6.823,13.221900000000002,0.08037162683434995,HST
OGL-1374,6.887,13.2433,0.08037162683434995,HST
OGL-1389,7.278,13.08962,0.08037162683434995,HST
OGL-1411,7.889,13.104000000000001,0.08009306836424736,HST
OGL-1417,8.67,12.80488,0.08009306836424736,HST
OGL-1424,6.761,13.30856,0.08037162683434995,HST
OGL-1431,10.23,12.667860000000001,0.08009306836424736,HST
OGL-1463,7.516,13.011019999999998,0.08037162683434995,HST
OGL-1466,6.152,13.36558,0.08037162683434995,HST
OGL-1490,8.166,12.87734,0.08037162683434995,HST
OGL-1526,6.73,13.16804,0.08037162683434995,HST
OGL-1539,13.49,12.30628,0.08037162683434995,HST
OGL-1578,13.27,12.2433,0.08037162683434995,HST
OGL-1587,21.58,11.49066,0.08009306836424736,HST
OGL-1616,15.52,12.1968,0.08037162683434995,HST
OGL-1637,31.92,10.92926,0.08083375779957283,HST
OGL-1641,13.93,12.108740000000001,0.08009306836424736,HST
OGL-1647,8.69,12.84032,0.08037162683434995,HST
OGL-1677,23.55,11.464,0.08037162683434995,HST
OGL-1862,13.12,12.35154,0.08037162683434995,HST
OGL-1939,6.053,13.358740000000001,0.08083375779957283,HST
OGL-1940,9.376,12.9224,0.08083375779957283,HST
OGL-1941,6.792,13.1954,0.08037162683434995,HST
OGL-1945,7.674,13.12662,0.08083375779957283,HST
OGL-1994,7.745,12.93962,0.08037162683434995,HST
OGL-2012,7.447,13.001019999999999,0.08009306836424736,HST
OGL-2019,28.05,11.322420000000001,0.08037162683434995,HST
OGL-2043,7.362,13.161019999999999,0.08037162683434995,HST
